,part_name,uses,author,part_type,description,notes,source,sequence,
0,BBa_B0034,5428,"Vinay S Mahajan, Voichita D. Marinescu, Brian Chow, Alexander      D Wissner-Gross and Peter Carr IAP, 2003. ",RBS,RBS based on Elowitz repressilator.,"Varies from -6 to +1 region from original sequence to accomodate BioBricks      suffix.   <p>No secondary structures are formed in the given RBS region. Users should check      for secondary structures induced in the RBS by upstream and downstream elements      in the +50 to -50 region, as such structures will greatly affect the strength      of the RBS.

Contact info for this part: <a href=""mailto:(bchow@media.mit.edu)"">Brian Chow</a>",,aaagaggagaaa,
1,BBa_B0015,4772,Reshma Shetty,Terminator,Double terminator consisting of BBa_B0010 and BBa_B0012,,,ccaggcatcaaataaaacgaaaggctcagtcgaaagactgggcctttcgttttatctgttgtttgtcggtgaacgctctctactagagtcacactggctcaccttcgggtgggcctttctgcgtttata,
2,BBa_J176041,1275,Karmella Haynes,DNA,Six base pair scar between parts that have been assembled using BioBrick assembly standard 23 (Silver standard).,"The six base pair scar allows protein modules to be assembled in frame. This scar retains the triplet pattern for proper translation of the mRNA. Two extra amino acids, Thr and Arg, are introduced into the protein fusion, but in our hands, this does not disrupt the function of our synthetic mammalian parts.",This sequence is generated when BioBricks are assembled via assembly standard 23 (Silver standard).,actaga,
3,BBa_R0040,1081," June Rhee, Connie Tao, Ty Thomson, Louis Waldman",Regulatory,Sequence for pTet inverting regulator driven by the TetR protein.</P>,"<P> <P>BBa_R0040 TetR-Regulated Promoter is based on a cI promoter. It has been modified      to include two TetR binding sites and the BioBrick standard assembly head and tail restriction sites.<P>
","Lutz, R., Bujard, H., <em>Nucleic Acids Research</em> (1997) 25, 1203-1210.",tccctatcagtgatagagattgacatccctatcagtgatagagatactgagcac,
4,BBa_B0010,1064,Randy Rettberg,Terminator,Transcriptional terminator consisting of a 64 bp stem-loop.,,,ccaggcatcaaataaaacgaaaggctcagtcgaaagactgggcctttcgttttatctgttgtttgtcggtgaacgctctc,
5,BBa_B0012,1021,Reshma Shetty,Terminator,Transcription terminator for the <i>E.coli</i> RNA polymerase.,"<P> <P>Suggested by Sri Kosuri and Drew Endy as a high efficiency terminator. The      5' end cutoff was placed immediately after the TAA stop codon and the 3' end      cutoff was placed just prior to the RBS of Gene 1.4 (before AAGGAG).<P> Use anywhere transcription should be stopped when the gene of interest is upstream of this terminator.
",Derived from the TE terminator of T7 bacteriophage between Genes 1.3 and 1.4      <genbank>V01146</genbank>.,tcacactggctcaccttcgggtgggcctttctgcgtttata,
6,BBa_B0030,1001,"Vinay S Mahajan, Voichita D. Marinescu, Brian Chow, Alexander D Wissner-Gross and Peter Carr IAP, 2003. ",RBS,"Strong RBS based on Ron Weiss thesis. Strength is considered relative to <bb_part>BBa_B0031</bb_part>, <bb_part>BBa_B0032</bb_part>, <bb_part>BBa_B0033</bb_part>.
","Varies from -6 to +1 region from original sequence to accomodate BioBricks      suffix (&quot;orig&quot; in figure 4-14 of Ron Weiss thesis).   <p>No secondary structures are formed in the given RBS region. Users should      check for secondary structures induced in the RBS by upstream and downstream      elements in the +50 to -50 region, as such structures will greatly affect      the strength of the RBS.

Contact info  <a href=""mailto:(bchow@media.mit.edu)"">Brian Chow</a>",,attaaagaggagaaa,
7,BBa_B0032,907,"Vinay S Mahajan, Voichita D. Marinescu, Brian Chow, Alexander      D Wissner-Gross and Peter Carr IAP, 2003. ",RBS,"Weak1 RBS based on Ron Weiss thesis. Strength is considered relative to <bb_part>BBa_B0030</bb_part>, <bb_part>BBa_B0031</bb_part>, <bb_part>BBa_B0033</bb_part>.
","Varies from -6 to +1 region from original sequence to accomodate BioBricks suffix (&quot;RBS-2&quot; in figure 4-14 of thesis). <P>

Contact info for this part: <a href=""mailto:(bchow@media.mit.edu)"">Brian Chow</a>",,tcacacaggaaag,
8,BBa_E0040,875,jcbraff,Coding,GFP (mut3b) [note that this part does not have a barcode],,,atgcgtaaaggagaagaacttttcactggagttgtcccaattcttgttgaattagatggtgatgttaatgggcacaaattttctgtcagtggagagggtgaaggtgatgcaacatacggaaaacttacccttaaatttatttgcactactggaaaactacctgttccatggccaacacttgtcactactttcggttatggtgttcaatgctttgcgagatacccagatcatatgaaacagcatgactttttcaagagtgccatgcccgaaggttatgtacaggaaagaactatatttttcaaagatgacgggaactacaagacacgtgctgaagtcaagtttgaaggtgatacccttgttaatagaatcgagttaaaaggtattgattttaaagaagatggaaacattcttggacacaaattggaatacaactataactcacacaatgtatacatcatggcagacaaacaaaagaatggaatcaaagttaacttcaaaattagacacaacattgaagatggaagcgttcaactagcagaccattatcaacaaaatactccaattggcgatggccctgtccttttaccagacaaccattacctgtccacacaatctgccctttcgaaagatcccaacgaaaagagagaccacatggtccttcttgagtttgtaacagctgctgggattacacatggcatggatgaactatacaaataataa,
9,BBa_R0010,843,,Regulatory,"Inverting regulatory region controlled by LacI (<bb_part>BBa_C0010</bb_part>, <bb_part>BBa_C0011</bb_part>, etc.) <p> The pLac regulatory region is a 243 base-pair sequence with standard BioBrick prefix and suffix sections on its ends. It contains two protein binding sites: CAP, which is generally present in E.coli and is assocciated with cell health and availability of glucose., and LacI, the Lac inhibitor <bb_part>BBa_C0010</bb_part> which binds in an dimerized cooperative manner to inhibit the transcription of the protein that follows. In the presence of lactose or IPTG, an analog of lactose, LacI is unable to correctly bind and inhibit transcription. This allows <bb_part>BBa_R0010</bb_part> to be used as a inverter or as a detector of lactose or IPTG.
","<P> <P><P> LacI binds to this regulator. This part is incompatible with species containing active LacI coding regions. Lactose and IPTG disable the operation of LacI and this regulator. This part is incompatible with environments containing lactose or lactose analogs.
",The Plac insert was PCR'd from the MG1655 strain of E.coli K12.,caatacgcaaaccgcctctccccgcgcgttggccgattcattaatgcagctggcacgacaggtttcccgactggaaagcgggcagtgagcgcaacgcaattaatgtgagttagctcactcattaggcaccccaggctttacactttatgcttccggctcgtatgttgtgtggaattgtgagcggataacaatttcacaca,
10,BBa_J23100,786,John Anderson,Regulatory,Replace later,N/A,Isolated from library of promoters,ttgacggctagctcagtcctaggtacagtgctagc,
11,BBa_R0011,598,"Neelaksh Varshney, Grace Kenney, Daniel Shen, Samantha Sutton",Regulatory," Inverting regulatory region controlled by LacI (<bb_part>BBa_C0010</bb_part>, <bb_part>BBa_C0011</bb_part>, etc.) <p> The PLlac 0-1 promoter is a hybrid regulatory region consisting of the promoter P(L) of phage lambda with the cI binding sites replaced with lacO1. The hybrid design allows for strong promotion that can nevertheless be tightly repressed by LacI, the Lac inhibitor (i.e. repressor) (<bb_part>BBa_C0010</bb_part>) ([LUTZ97]). The activity of the promoter can be regulated over a >600-fold range by IPTG in E.Coli DH5-alpha-Z1 (same paper reference).","<P> <P>hybrid promoter design to create strong promoter that is, at the same time,      highly repressible. note that the upstream operator installed in this hybrid      is slightly different than the one in the original source (Lutz and Bujard,      1997). the most upstream operator region is slightly truncated in the represillator      version, so that both operators in the hybrid are the same sequence. see references      for details. also, the sequence has been truncated after the transcriptional      start site.<P>LacI binds to this regulator. This part is incompatible with species containing active LacI coding regions. Lactose and IPTG disable the operation of LacI and increase transcription. This part is incompatible with environments containing lactose or lactose analogs.
",represillator of Elowitz and Leibler (2000),aattgtgagcggataacaattgacattgtgagcggataacaagatactgagcaca,
12,BBa_E1010,593,Drew Endy,Coding,"monomeric RFP:
Red Fluorescent Protein.
Excitation peak: 584 nm
Emission peak: 607 nm","TAATAA double stop codon added (DE).

Four silent mutations made to remove three EcoRI sites and one PstI site: A28G, A76G, A349G, G337A.","Campbell et al., PNAS v99 p7877 <a href=""http://www.pubmedcentral.nih.gov/articlerender.fcgi?tool=pubmed&pubmedid=12060735"">URL</a>",atggcttcctccgaagacgttatcaaagagttcatgcgtttcaaagttcgtatggaaggttccgttaacggtcacgagttcgaaatcgaaggtgaaggtgaaggtcgtccgtacgaaggtacccagaccgctaaactgaaagttaccaaaggtggtccgctgccgttcgcttgggacatcctgtccccgcagttccagtacggttccaaagcttacgttaaacacccggctgacatcccggactacctgaaactgtccttcccggaaggtttcaaatgggaacgtgttatgaacttcgaagacggtggtgttgttaccgttacccaggactcctccctgcaagacggtgagttcatctacaaagttaaactgcgtggtaccaacttcccgtccgacggtccggttatgcagaaaaaaaccatgggttgggaagcttccaccgaacgtatgtacccggaagacggtgctctgaaaggtgaaatcaaaatgcgtctgaaactgaaagacggtggtcactacgacgctgaagttaaaaccacctacatggctaaaaaaccggttcagctgccgggtgcttacaaaaccgacatcaaactggacatcacctcccacaacgaagactacaccatcgttgaacagtacgaacgtgctgaaggtcgtcactccaccggtgcttaataacgctgatagtgctagtgtagatcgc,
13,BBa_I0500,484,Sri Kosuri,Regulatory,-- No description --,,,ttatgacaacttgacggctacatcattcactttttcttcacaaccggcacggaactcgctcgggctggccccggtgcattttttaaatacccgcgagaaatagagttgatcgtcaaaaccaacattgcgaccgacggtggcgataggcatccgggtggtgctcaaaagcagcttcgcctggctgatacgttggtcctcgcgccagcttaagacgctaatccctaactgctggcggaaaagatgtgacagacgcgacggcgacaagcaaacatgctgtgcgacgctggcgatatcaaaattgctgtctgccaggtgatcgctgatgtactgacaagcctcgcgtacccgattatccatcggtggatggagcgactcgttaatcgcttccatgcgccgcagtaacaattgctcaagcagatttatcgccagcagctccgaatagcgcccttccccttgcccggcgttaatgatttgcccaaacaggtcgctgaaatgcggctggtgcgcttcatccgggcgaaagaaccccgtattggcaaatattgacggccagttaagccattcatgccagtaggcgcgcggacgaaagtaaacccactggtgataccattcgcgagcctccggatgacgaccgtagtgatgaatctctcctggcgggaacagcaaaatatcacccggtcggcaaacaaattctcgtccctgatttttcaccaccccctgaccgcgaatggtgagattgagaatataacctttcattcccagcggtcggtcgataaaaaaatcgagataaccgttggcctcaatcggcgttaaacccgccaccagatgggcattaaacgagtatcccggcagcaggggatcattttgcgcttcagccatacttttcatactcccgccattcagagaagaaaccaattgtccatattgcatcagacattgccgtcactgcgtcttttactggctcttctcgctaaccaaaccggtaaccccgcttattaaaagcattctgtaacaaagcgggaccaaagccatgacaaaaacgcgtaacaaaagtgtctataatcacggcagaaaagtccacattgattatttgcacggcgtcacactttgctatgccatagcatttttatccataagattagcggatcctacctgacgctttttatcgcaactctctactgtttctccatacccgtttttttgggctagc,
14,BBa_J23119,442,John Anderson,Regulatory,Later,"N/A
",Overlap extension of synthetic oligonucleotides,ttgacagctagctcagtcctaggtataatgctagc,
15,BBa_B0014,412,Reshma Shetty,Terminator,Double terminator consisting of BBa_B0012 and BBa_B0011,,,tcacactggctcaccttcgggtgggcctttctgcgtttatatactagagagagaatataaaaagccagattattaatccggcttttttattattt,
16,BBa_R0062,374,"Vinay S Mahajan, Voichita D. Marinescu, Brian Chow, Alexander D Wissner-Gross and Peter Carr",Regulatory,"Promoter activated by LuxR in concert with HSL</p>   <p>The lux cassette of V. fischeri contains a left and a right promoter. The      right promoter gives weak constitutive expression of downstream genes.This      expression is up-regulated by the action of the LuxR activator protein complexed      with the autoinducer, 3-oxo-hexanoyl-HSL. Two molecules of LuxR protein form      a complex with two molecules of the signalling compound homoserine lactone      (HSL). This complex binds to a palindromic site on the promoter, increasing      the rate of transcription.","<P> <P>This promoter is based on the <em>Vibrio fischeri </em>quorum sensing gene promoters. Two genes LuxI and LuxR and transcribed in opposite directions as shown below. The original sequence from which the parts <bb_part>BBa_R0062</bb_part> and <bb_part>BBa_R0063</bb_part> were derived is shown in the picture below.  <p><img src=""<bb_file>Image1.gif</bb_file>"" width=""614"" height=""362""><P>
",<em>V. fischeri</em>,acctgtaggatcgtacaggtttacgcaagaaaatggtttgttatagtcgaataaa,
17,BBa_B0105,334,Randy Rettberg,DNA,"This is the scar produced by assembly using RFC 25.

If you are assembling a composite part using RFC 25, you can insert this part  and specify blunt assembly to get the desired sequence.
",Simple DNA sequence,BBF RFC 25,accggc,
18,BBa_J176005,328,Karmella Haynes,Protein_Domain,Humanized mCherry fluorescent protein,TBA,TBA,gtgagcaagggcgaggaggataacatggccatcatcaaggagttcatgcgcttcaaggtgcacatggagggctccgtgaacggccacgagttcgagatcgagggcgagggcgagggccgcccctacgagggcacccagaccgccaagctgaaggtgaccaagggtggccccctgcccttcgcctgggacatcctgtcccctcagttcatgtacggctccaaggcctacgtgaagcaccccgccgacatccccgactacttgaagctgtccttccccgagggcttcaagtgggagcgcgtgatgaacttcgaggacggcggcgtggtgaccgtgacccaggactcctccttgcaggacggcgagttcatctacaaggtgaagctgcgcggcaccaacttcccctccgacggccccgtaatgcagaagaagaccatgggctgggaggcctcctccgagcggatgtaccccgaggacggcgccctgaagggcgagatcaagcagaggctgaagctgaaggacggcggccactacgacgctgaggtcaagaccacctacaaggccaagaagcccgtgcagctacccggcgcctacaacgtcaacatcaagttggacatcacctcccacaacgaggactacaccatcgtggaacagtacgaacgcgccgagggccgccactccaccggcggcatggacgagctgtacaag,
19,BBa_J23101,326,John Anderson,Regulatory,later,N/A,later,tttacagctagctcagtcctaggtattatgctagc,
20,BBa_C0040,318,"June Rhee, Connie Tao, Ty Thomson, Louis Waldman.",Coding,Coding region for the TetR protein without the Ribosome Binding Site. Modified      with an LVA tail for rapid degradation of the protein and faster fall time      for the emission. TetR binds to the pTet regulator (BBa_R0040). aTc (anhydrotetracycline)      binds to TetR and inhibits its operation.</P>,"References (unparsed) here: <p>Elowitz, M. B. Transport, Assembly, and Dynamics in Systems of Interacting      Proteins. Thesis, Princeton Univ., Princeton (1999). </P> <p> Lutz R, Bujard H., Independent and tight regulation of transcriptional units in Escherichia coli via the LacR/O, the TetR/O and AraC/I1-I2 regulatory elements. Nucleic Acids Res. 1997 Mar 15;25(6):1203-10.   PMID: 9092630 </p> <P> References (unparsed) here: <p>Elowitz, M. B. Transport, Assembly, and Dynamics in Systems of Interacting      Proteins. Thesis, Princeton Univ., Princeton (1999). </P> <p> Lutz R, Bujard H., Independent and tight regulation of transcriptional units in Escherichia coli via the LacR/O, the TetR/O and AraC/I1-I2 regulatory elements. Nucleic Acids Res. 1997 Mar 15;25(6):1203-10.   PMID: 9092630 </p> <P>BBa_C0040 TetR Protein is based on the TetR sequence from Elowitz's repressilator.      It has been modified to include a rapid degradation LVA tail, and includes      the BioBrick standard assembly head and tail restriction sites. The RBS has      been removed. The stop codon has been changed from TAA to a double stop codon      TAATAA.  <P>
","Elowitz, M. B. Transport, Assembly, and Dynamics in Systems of Interacting Proteins. Thesis, Princeton Univ., Princeton (1999)",atgtccagattagataaaagtaaagtgattaacagcgcattagagctgcttaatgaggtcggaatcgaaggtttaacaacccgtaaactcgcccagaagctaggtgtagagcagcctacattgtattggcatgtaaaaaataagcgggctttgctcgacgccttagccattgagatgttagataggcaccatactcacttttgccctttagaaggggaaagctggcaagattttttacgtaataacgctaaaagttttagatgtgctttactaagtcatcgcgatggagcaaaagtacatttaggtacacggcctacagaaaaacagtatgaaactctcgaaaatcaattagcctttttatgccaacaaggtttttcactagagaatgcattatatgcactcagcgctgtggggcattttactttaggttgcgtattggaagatcaagagcatcaagtcgctaaagaagaaagggaaacacctactactgatagtatgccgccattattacgacaagctatcgaattatttgatcaccaaggtgcagagccagccttcttattcggccttgaattgatcatatgcggattagaaaaacaacttaaatgtgaaagtgggtccgctgcaaacgacgaaaactacgctttagtagcttaataacactgatagtgctagtgtagatcac,
21,BBa_C0051,295,"Vinay S Mahajan, Brian Chow, Peter Carr, Voichita Marinescu and Alexander D. Wissner-Gross",Coding,"Coding region for the cI repressor based on cI repressor from bacteriophage      lambda modified with an LVA tail for rapid degradation of the protein. cI      repressor binds to the cI regulator (BBa_R0051).</P>
","References (unparsed) here: <p><a href=""http://www.nature.com/cgi-taf/DynaPage.taf?file=/nature/journal/v403/n6767/abs/403335a0_fs.html&dynoptions=doi1043774228"">A      synthetic oscillatory network of transcriptional regulators</a> , Elowitz      M.B. , Leibler S., Nature(403),335-38: 2000</P>   <P><a href=""http://www.genesdev.org/cgi/content/full/15/22/3013"">Octamerization      of CI repressor is needed for effective repression of PRM and efficient switching      from lysogeny. </a>Ian B. Dodd,1 Alison J. Perkins, Daniel Tsemitsidis, and      J. Barry Egan , Genes and Development (Vol 15, No. 22) 3013-3022: 2001</P>   <p></p> <P> References (unparsed) here: <p><a href=""http://www.nature.com/cgi-taf/DynaPage.taf?file=/nature/journal/v403/n6767/abs/403335a0_fs.html&dynoptions=doi1043774228"">A      synthetic oscillatory network of transcriptional regulators</a> , Elowitz      M.B. , Leibler S., Nature(403),335-38: 2000</P>   <P><a href=""http://www.genesdev.org/cgi/content/full/15/22/3013"">Octamerization      of CI repressor is needed for effective repression of PRM and efficient switching      from lysogeny. </a>Ian B. Dodd,1 Alison J. Perkins, Daniel Tsemitsidis, and      J. Barry Egan , Genes and Development (Vol 15, No. 22) 3013-3022: 2001</P>   <p></p> <P>BBa_C0051 cI repressor is based on the cI repressor from the Elowitz's repressilator.      It has been modified to include a rapid degradation LAA tail, and includes      the BioBrick standard assembly head and tail restriction sites. The RBS has      been removed. The stop codon has been changed from TAA to a double stop codon      TAATAA.<P>
","Elowitz, M. B. Transport, Assembly, and Dynamics in Systems of Interacting Proteins. Thesis, Princeton Univ., Princeton (1999).",atgagcacaaaaaagaaaccattaacacaagagcagcttgaggacgcacgtcgccttaaagcaatttatgaaaaaaagaaaaatgaacttggcttatcccaggaatctgtcgcagacaagatggggatggggcagtcaggcgttggtgctttatttaatggcatcaatgcattaaatgcttataacgccgcattgcttgcaaaaattctcaaagttagcgttgaagaatttagcccttcaatcgccagagaaatctacgagatgtatgaagcggttagtatgcagccgtcacttagaagtgagtatgagtaccctgttttttctcatgttcaggcagggatgttctcacctgagcttagaacctttaccaaaggtgatgcggagagatgggtaagcacaaccaaaaaagccagtgattctgcattctggcttgaggttgaaggtaattccatgaccgcaccaacaggctccaagccaagctttcctgacggaatgttaattctcgttgaccctgagcaggctgttgagccaggtgatttctgcatagccagacttgggggtgatgagtttaccttcaagaaactgatcagggatagcggtcaggtgtttttacaaccactaaacccacagtacccaatgatcccatgcaatgagagttgttccgttgtggggaaagttatcgctagtcagtggcctgaagagacgtttggcgctgcaaacgacgaaaactacgctttagtagcttaataacgctgatagtgctagtgtagatcgc,
22,BBa_E0240,293,Jennifer Braff,Reporter,B0032.E0040.B0015,,,tcacacaggaaagtactagatgcgtaaaggagaagaacttttcactggagttgtcccaattcttgttgaattagatggtgatgttaatgggcacaaattttctgtcagtggagagggtgaaggtgatgcaacatacggaaaacttacccttaaatttatttgcactactggaaaactacctgttccatggccaacacttgtcactactttcggttatggtgttcaatgctttgcgagatacccagatcatatgaaacagcatgactttttcaagagtgccatgcccgaaggttatgtacaggaaagaactatatttttcaaagatgacgggaactacaagacacgtgctgaagtcaagtttgaaggtgatacccttgttaatagaatcgagttaaaaggtattgattttaaagaagatggaaacattcttggacacaaattggaatacaactataactcacacaatgtatacatcatggcagacaaacaaaagaatggaatcaaagttaacttcaaaattagacacaacattgaagatggaagcgttcaactagcagaccattatcaacaaaatactccaattggcgatggccctgtccttttaccagacaaccattacctgtccacacaatctgccctttcgaaagatcccaacgaaaagagagaccacatggtccttcttgagtttgtaacagctgctgggattacacatggcatggatgaactatacaaataataatactagagccaggcatcaaataaaacgaaaggctcagtcgaaagactgggcctttcgttttatctgttgtttgtcggtgaacgctctctactagagtcacactggctcaccttcgggtgggcctttctgcgtttata,
23,BBa_R0051,284,"Vinay S Mahajan, Brian Chow, Peter Carr, Voichita Marinescu and Alexander D. Wissner-Gross",Regulatory,The cI regulated promoter is based on the pR promtoer from bacteriohage lambda.  The promoter has two two DNA binding sites for lambda cI repressor <bb_part>BBa_C0051</bb_part>. cI binding results in repression of transcription. The specific sequence used here is based on the cI repressible promoter used in the Elowitz repressilator (and references therein).</P>,"<P> <P>In order to address concerns about the promoter transcribing in the reverse      direction, we have removed the -35 and -10 signals responsible for the promoter      activity in the reverse direction.  (<b><font color=""red"">More details needed here! DE, 2/24/03</font></b>)<P> Incompatible with host expressing cI repressor.
","<a href=""http://www.nature.com/cgi-taf/DynaPage.taf?file=/nature/journal/v403/n6767/abs/403335a0_fs.html&dynoptions=doi1043774228"">A      synthetic oscillatory network of transcriptional regulators</a> , Elowitz      M.B. , Leibler S., Nature(403),335-38: 2000",taacaccgtgcgtgttgactattttacctctggcggtgataatggttgc,
24,BBa_C0012,265,"Grace Kenney, Daniel Shen, Neelaksh Varshney, Samantha Sutton",Coding,"Coding region for the LacI protein with an LVA degradation tail and without      an RBS. LacI binds to the pLac regulator <bb_part>BBa_R0010</bb_part> and PLlac01 hybrid regulator <bb_part>BBa_R0011</bb_part> and inhibits transcription. IPTG (Isopropylthiogalactoside) binds      to LacI and inhibits its operation, therefore promoting transcription.</P>   <P>A rapid degredation tail (LVA) has been added to improve the High to Low      performance of this part.</P>","References (unparsed) here: <p>Elowitz, M.B., Leibler, S. A synthetic oscillatory network of transcriptional      regulators. <em>Nature</em> 403, 335-338 (2000). <a href=""http://biobricks.ai.mit.edu/BB_References.htm#ELOW00"">[ELOW00]</a><br>     <br>   </P> <P> References (unparsed) here: <p>Elowitz, M.B., Leibler, S. A synthetic oscillatory network of transcriptional      regulators. <em>Nature</em> 403, 335-338 (2000). <a href=""http://biobricks.ai.mit.edu/BB_References.htm#ELOW00"">[ELOW00]</a><br>     <br>   </P> <P>Sequence taken from the repressilator of Elowitz and Leibler (2000). The obtained      sequence was compared to the wild-type sequence for LacI obtained through      a database search. The sequence had been modified from the wild-type in that      wild-type GTG start was changed to an ATG start (note, actual ORF in E.coli      has several GTG starts it would seem). The LVA tag has been added for quicker      degradation.<P> Incompatible with systems containing LacI, lactose, or IPTG.
",represillator of Elowitz and Leibler (2000),atggtgaatgtgaaaccagtaacgttatacgatgtcgcagagtatgccggtgtctcttatcagaccgtttcccgcgtggtgaaccaggccagccacgtttctgcgaaaacgcgggaaaaagtggaagcggcgatggcggagctgaattacattcccaaccgcgtggcacaacaactggcgggcaaacagtcgttgctgattggcgttgccacctccagtctggccctgcacgcgccgtcgcaaattgtcgcggcgattaaatctcgcgccgatcaactgggtgccagcgtggtggtgtcgatggtagaacgaagcggcgtcgaagcctgtaaagcggcggtgcacaatcttctcgcgcaacgcgtcagtgggctgatcattaactatccgctggatgaccaggatgccattgctgtggaagctgcctgcactaatgttccggcgttatttcttgatgtctctgaccagacacccatcaacagtattattttctcccatgaagacggtacgcgactgggcgtggagcatctggtcgcattgggtcaccagcaaatcgcgctgttagcgggcccattaagttctgtctcggcgcgtctgcgtctggctggctggcataaatatctcactcgcaatcaaattcagccgatagcggaacgggaaggcgactggagtgccatgtccggttttcaacaaaccatgcaaatgctgaatgagggcatcgttcccactgcgatgctggttgccaacgatcagatggcgctgggcgcaatgcgcgccattaccgagtccgggctgcgcgttggtgcggatatctcggtagtgggatacgacgataccgaagacagctcatgttatatcccgccgttaaccaccatcaaacaggattttcgcctgctggggcaaaccagcgtggaccgcttgctgcaactctctcagggccaggcggtgaagggcaatcagctgttgcccgtctcactggtgaaaagaaaaaccaccctggcgcccaatacgcaaaccgcctctccccgcgcgttggccgattcattaatgcagctggcacgacaggtttcccgactggaaagcgggcaggctgcaaacgacgaaaactacgctttagtagcttaataactctgatagtgctagtgtagatctc,
25,BBa_I719005,262,Imperial 2007,Regulatory,Just a T7 Promoter,None,---,taatacgactcactatagggaga,
26,BBa_J23106,249,John Anderson,Regulatory,Later,N/A,"Isolated from library of promoters
",tttacggctagctcagtcctaggtatagtgctagc,
27,BBa_C0062,247,"Vinay S Mahajan, Voichita D. Marinescu, Brian Chow, Alexander D Wissner-Gross and Peter Carr",Coding,"In complex with HSL, LuxR binds to the Lux promoter, activating transcription      from Pr <bb_part>BBa_R0062</bb_part>, and repressing transcription from Pl <bb_part>BBa_R0063</bb_part>.   <p>The lux cassette of V. fischeri contains a left and a right promoter. The      right promoter gives weak constitutive expression of downstream genes.This      expression is up-regulated by the action of the Lux activator, LuxR complexed      to HSL. Two molecules of LuxR protein form a complex with two molecules the      signalling compound homoserine lactone (HSL). This complex binds to a palindromic      site on the promoter, increasing the rate of transcription.</p>","<P> <P>2 silent point mutants were introduced in the coding sequence to remove internal      XbaI and PstI sites. Mutation sites were chosen to replace codons commonly      used in <em>E. coli</em> with codons used at a similar frequency. <P>
",<em>V. fischeri</em> <genbank>AF170104</genbank>,atgaaaaacataaatgccgacgacacatacagaataattaataaaattaaagcttgtagaagcaataatgatattaatcaatgcttatctgatatgactaaaatggtacattgtgaatattatttactcgcgatcatttatcctcattctatggttaaatctgatatttcaatcctagataattaccctaaaaaatggaggcaatattatgatgacgctaatttaataaaatatgatcctatagtagattattctaactccaatcattcaccaattaattggaatatatttgaaaacaatgctgtaaataaaaaatctccaaatgtaattaaagaagcgaaaacatcaggtcttatcactgggtttagtttccctattcatacggctaacaatggcttcggaatgcttagttttgcacattcagaaaaagacaactatatagatagtttatttttacatgcgtgtatgaacataccattaattgttccttctctagttgataattatcgaaaaataaatatagcaaataataaatcaaacaacgatttaaccaaaagagaaaaagaatgtttagcgtgggcatgcgaaggaaaaagctcttgggatatttcaaaaatattaggttgcagtgagcgtactgtcactttccatttaaccaatgcgcaaatgaaactcaatacaacaaaccgctgccaaagtatttctaaagcaattttaacaggagcaattgattgcccatactttaaaaattaataacactgatagtgctagtgtagatcac,
28,BBa_J04500,234,Kristen DeCelle,Intermediate,R0010.B0034,,Davidson Synth-Aces,caatacgcaaaccgcctctccccgcgcgttggccgattcattaatgcagctggcacgacaggtttcccgactggaaagcgggcagtgagcgcaacgcaattaatgtgagttagctcactcattaggcaccccaggctttacactttatgcttccggctcgtatgttgtgtggaattgtgagcggataacaatttcacacatactagagaaagaggagaaa,
29,BBa_B1006,221,Haiyao Huang,Terminator,"Artificial terminator, estimated %T~>90%
*8bp stem, 6nt loop
*Bidirectional, estimated reverse %T~>90%","Bidirectional, with the reverse estimated to be less effective than the forward. Has a polyA tail of 9 residues.","modified E. coli thr terminator, replaced all A-T pairs in stem with C-G pairs",aaaaaaaaaccccgcccctgacagggcggggtttttttt,
30,BBa_B0031,218,"Vinay S Mahajan, Voichita D. Marinescu, Brian Chow, Alexander      D Wissner-Gross and Peter Carr IAP, 2003.",RBS,"Medium RBS based on Ron Weiss thesis. Strength considered relative to <bb_part>BBa_B0030</bb_part>, <bb_part>BBa_B0032</bb_part>, <bb_part>BBa_B0033</bb_part>.
","<P> <P>Varies from -6 to +1 region from original sequence to accomodate BioBricks      suffix (&quot;RBS-1&quot; in figure 4-14 of thesis).   <p>No secondary structures are formed in the given RBS region. Users should      check for secondary structures induced in the RBS by upstream and downstream      elements in the +50 to -50 region, as such structures will greatly affect      the strength of the RBS. <P>

 Contact info for this part: <a href=""mailto:(bchow@media.mit.edu)"">Brian Cho</a>",,tcacacaggaaacc,
31,BBa_C0061,217,"Vinay S Mahajan, Voichita D. Marinescu, Brian Chow, Alexander D Wissner-Gross and Peter Carr",Coding,"Synthesizes 3OC<sub>6</sub>HSL, which binds to LuxR.</p>   <p>The lux cassette of V. fischeri contains a left and a right promoter. The      right promoter gives weak constitutive expression of downstream genes.This      expression is up-regulated by the action of the Lux repressor, LuxR. Two molecules      of LuxR protein form a complex with two molecules the signalling compound      HSL. This complex binds to a palindromic site on the promoter, increasing      the rate of transcription.</p>","<P> <P>An LVA tail (sequence: AANDENYALVA) was added to increase protein degradation.   .    <P>
",<em>V. fischeri</em> <genbank>AF170104</genbank>,atgactataatgataaaaaaatcggattttttggcaattccatcggaggagtataaaggtattctaagtcttcgttatcaagtgtttaagcaaagacttgagtgggacttagttgtagaaaataaccttgaatcagatgagtatgataactcaaatgcagaatatatttatgcttgtgatgatactgaaaatgtaagtggatgctggcgtttattacctacaacaggtgattatatgctgaaaagtgtttttcctgaattgcttggtcaacagagtgctcccaaagatcctaatatagtcgaattaagtcgttttgctgtaggtaaaaatagctcaaagataaataactctgctagtgaaattacaatgaaactatttgaagctatatataaacacgctgttagtcaaggtattacagaatatgtaacagtaacatcaacagcaatagagcgatttttaaagcgtattaaagttccttgtcatcgtattggagacaaagaaattcatgtattaggtgatactaaatcggttgtattgtctatgcctattaatgaacagtttaaaaaagcagtcttaaatgctgcaaacgacgaaaactacgctttagtagcttaataactctgatagtgctagtgtagatctc,
32,BBa_I712074,211,Rok Gaber,Regulatory,T7 promoter is very specific promoter which is transcribed only by specific T7 RNA polymerase. Usually this promoter is used in expression systems where T7 promoter is cotransfected with T7 RNA polymerase. That ensures strong transcription of desired genes. , ,T7 bacteriophage,taatacgactcactatagggaatacaagctacttgttctttttgca,
33,BBa_I13453,208,jkm,Regulatory,PBad promoter from I0500 without AraC.,,,acattgattatttgcacggcgtcacactttgctatgccatagcatttttatccataagattagcggatcctacctgacgctttttatcgcaactctctactgtttctccataccgtttttttgggctagc,
34,BBa_E0840,205,Jennifer Braff,Reporter,B0030.E0040.B0015,,,attaaagaggagaaatactagatgcgtaaaggagaagaacttttcactggagttgtcccaattcttgttgaattagatggtgatgttaatgggcacaaattttctgtcagtggagagggtgaaggtgatgcaacatacggaaaacttacccttaaatttatttgcactactggaaaactacctgttccatggccaacacttgtcactactttcggttatggtgttcaatgctttgcgagatacccagatcatatgaaacagcatgactttttcaagagtgccatgcccgaaggttatgtacaggaaagaactatatttttcaaagatgacgggaactacaagacacgtgctgaagtcaagtttgaaggtgatacccttgttaatagaatcgagttaaaaggtattgattttaaagaagatggaaacattcttggacacaaattggaatacaactataactcacacaatgtatacatcatggcagacaaacaaaagaatggaatcaaagttaacttcaaaattagacacaacattgaagatggaagcgttcaactagcagaccattatcaacaaaatactccaattggcgatggccctgtccttttaccagacaaccattacctgtccacacaatctgccctttcgaaagatcccaacgaaaagagagaccacatggtccttcttgagtttgtaacagctgctgggattacacatggcatggatgaactatacaaataataatactagagccaggcatcaaataaaacgaaaggctcagtcgaaagactgggcctttcgttttatctgttgtttgtcggtgaacgctctctactagagtcacactggctcaccttcgggtgggcctttctgcgtttata,
35,BBa_E0430,203,Caitlin Conboy,Reporter,Standard YFP Output Device -LVA tag,,,aaagaggagaaatactagatggtgagcaagggcgaggagctgttcaccggggtggtgcccatcctggtcgagctggacggcgacgtaaacggccacaagttcagcgtgtccggcgagggcgagggcgatgccacctacggcaagctgaccctgaagttcatctgcaccaccggcaagctgcccgtgccctggcccaccctcgtgaccaccttcggctacggcctgcaatgcttcgcccgctaccccgaccacatgaagctgcacgacttcttcaagtccgccatgcccgaaggctacgtccaggagcgcaccatcttcttcaaggacgacggcaactacaagacccgcgccgaggtgaagttcgagggcgacaccctggtgaaccgcatcgagctgaagggcatcgacttcaaggaggacggcaacatcctggggcacaagctggagtacaactacaacagccacaacgtctatatcatggccgacaagcagaagaacggcatcaaggtgaacttcaagatccgccacaacatcgaggacggcagcgtgcagctcgccgaccactaccagcagaacacccccatcggcgacggccccgtgctgctgcccgacaaccactacctgagctaccagtccgccctgagcaaagaccccaacgagaagcgcgatcacatggtcctgctggagttcgtgaccgccgccgggatcactctcggcatggacgagctgtacaagtaataatactagagccaggcatcaaataaaacgaaaggctcagtcgaaagactgggcctttcgttttatctgttgtttgtcggtgaacgctctctactagagtcacactggctcaccttcgggtgggcctttctgcgtttata,
36,BBa_I13504,188,jkm,Reporter,Built by Josh as an intermediate in screening plasmid construction.,,,aaagaggagaaatactagatgcgtaaaggagaagaacttttcactggagttgtcccaattcttgttgaattagatggtgatgttaatgggcacaaattttctgtcagtggagagggtgaaggtgatgcaacatacggaaaacttacccttaaatttatttgcactactggaaaactacctgttccatggccaacacttgtcactactttcggttatggtgttcaatgctttgcgagatacccagatcatatgaaacagcatgactttttcaagagtgccatgcccgaaggttatgtacaggaaagaactatatttttcaaagatgacgggaactacaagacacgtgctgaagtcaagtttgaaggtgatacccttgttaatagaatcgagttaaaaggtattgattttaaagaagatggaaacattcttggacacaaattggaatacaactataactcacacaatgtatacatcatggcagacaaacaaaagaatggaatcaaagttaacttcaaaattagacacaacattgaagatggaagcgttcaactagcagaccattatcaacaaaatactccaattggcgatggccctgtccttttaccagacaaccattacctgtccacacaatctgccctttcgaaagatcccaacgaaaagagagaccacatggtccttcttgagtttgtaacagctgctgggattacacatggcatggatgaactatacaaataataatactagagccaggcatcaaataaaacgaaaggctcagtcgaaagactgggcctttcgttttatctgttgtttgtcggtgaacgctctctactagagtcacactggctcaccttcgggtgggcctttctgcgtttata,
37,BBa_B0033,187,"Vinay S Mahajan, Voichita D. Marinescu, Brian Chow, Alexander      D Wissner-Gross and Peter Carr IAP, 2003. ",RBS,"Weaker RBS based on Ron Weiss thesis. Strengths relative to <bb_part>BBa_B0030</bb_part>, <bb_part>BBa_B0031</bb_part>, <bb_part>BBa_B0032</bb_part>.
","Varies from -6 to +1 region from original sequence to accomodate BioBricks      suffix (&quot;RBS-3&quot; in figure 4-14 of thesis).    <p>No secondary structures are formed in the given RBS region. Users should      check for secondary structures induced in the RBS by upstream and downstream      elements in the +50 to -50 region, as such structures will greatly affect      the strength of the RBS.

Contact info for this part: <a href=""mailto:(bchow@media.mit.edu)"">Brian Chow</a>",,tcacacaggac,
38,BBa_J61100,184,John Anderson,RBS,{{JCA_Arkin_RBSFamily}},N/A,N/A,aaagaggggaca,
39,BBa_J23110,180,John Anderson,Regulatory,Later,N/A,Later,tttacggctagctcagtcctaggtacaatgctagc,
40,BBa_K2066019,176,"Kalen Clifton, Christine Gao, Andrew Halleran, Ethan Jones, Likhitha Kolla, Joseph Maniaci, John Marken, John Mitchell, Callan Monette, Adam Reiss",DNA,"This is Unique Nucleotide Sequence 3, (UNS 3), from Torella et al., 2013. The William and Mary iGEM team has adopted this as our standard prefix; as such, all of our parts will have this sequence immediately following the BioBrick prefix. We took this measure in order to allow easier Gibson Assembly cloning of our parts. Primer sequences which can be used to clone with the UNS 2/3 standard can be found on our wiki.

The sequence for this part came from the following paper: Torella, J. P., Boehm, C. R., Lienert, F., Chen, J. H., Way, J. C., & Silver, P. A. (2013). Rapid construction of insulated genetic circuits via synthetic sequence-guided isothermal assembly. Nucleic acids research, gkt860. A huge thanks to all the researchers involved in its original creation!",This UNS sequence was chosen to serve as the 3' primer in our standard because it works well with UNS 2 and it adheres to the BioBrick standards. ,"Torella, J. P., Boehm, C. R., Lienert, F., Chen, J. H., Way, J. C., & Silver, P. A. (2013). Rapid construction of insulated genetic circuits via synthetic sequence-guided isothermal assembly. Nucleic acids research, gkt860.",gcactgaaggtcctcaatcgcactggaaacatcaaggtcg,
41,BBa_K525998,175,Anna Drong,Regulatory,Promoter T7 and RBS,Synthesis,Synthesis,taatacgactcactatagggaaagaggagaaa,
42,BBa_J176000,167,Karmella Haynes,Protein_Domain,"Human Polycomb chromodomain from the CBX8 protein (a.a. 1-63).
See Haynes and Silver, JBC, 2011",The sequence was not modified.,Synthesized by GenScript.,atggagctttcagcggtgggggagcgggtgttcgcggccgaagccctcctgaagcggcgcatacggaaaggacgcatggaatacctcgtgaaatggaagggatggtcgcagaagtacagcacatgggaaccggaggaaaacatcctggatgctcgcttgctcgcagcctttgaggaaagggaaaga,
43,BBa_J176001,162,Karmella Haynes,Protein_Domain,Amino acids 2-64 from the zebrafish CBX2 protein. This is the conserved Polycomb chromodomain predicted to bind trimethylated histone H3 lysine 27 in chromatin.,Codons were optimized for expression in cultured human cells.,Danio rerio (zebrafish) CBX2 amino acids 2-64. The human codon-optimized coding sequence was synthesized by Genscript.,aatgcgaccgacgatccagtcgatctcgtgtacgcggctgagaaaatcatccaaaagcgcgttaagaagggcgtcgtggagtaccgtgtcaagtggaagggctggaaccagcgctacaacacctgggaaccggaggtaaacatcctggatcgccgcctcatcgacatctacgaacaaacgaacaaa,
44,BBa_J176002,162,Karmella Haynes,Protein_Domain,Polycomb chromodomain from the Drosophila (fruit fly) Pc protein (a.a. 16-78).,Human codon optimized for expression in human cell culture.,Drosophila Pc protein amino acids 16-78. Human codon optimized sequence was synthesized by Genscript.,gaggagctgagcgcggtgggagagcaggtctttgacgccgagtgtatcctcaacaaacgcacgaggaagggcaaactggagtatctggtcaagtggagaggatggtcgtccaagcataacagttgggaacctcaggaaaaccttcttgacccgagactcttggtggcatttaacaagagggagcag,
45,BBa_K2066018,151,"Kalen Clifton, Christine Gao, Andrew Halleran, Ethan Jones, Likhitha Kolla, Joseph Maniaci, John Marken, John Mitchell, Callan Monette, Adam Reiss",DNA,"This is Unique Nucleotide Sequence 2, (UNS 2), from Torella et al., 2013. The William and Mary iGEM team has adopted this as our standard prefix; as such, all of our parts will have this sequence immediately following the BioBrick prefix. We took this measure in order to allow easier Gibson Assembly cloning of our parts. Primer sequences which can be used to clone with the UNS 2/3 standard can be found on our wiki. 


",UNS 2 was chosen because it works well with UNS 3 and it is in accordance with the BioBrick standard.,"Torella, J. P., Boehm, C. R., Lienert, F., Chen, J. H., Way, J. C., & Silver, P. A. (2013). Rapid construction of insulated genetic circuits via synthetic sequence-guided isothermal assembly. Nucleic acids research, gkt860.",gctgggagttcgtagacggaaacaaacgcagaatccaagc,
46,BBa_I13507,142,jkm,Composite,Built by Josh as an intermediate in screening plasmid construction.,,,aaagaggagaaatactagatggcttcctccgaagacgttatcaaagagttcatgcgtttcaaagttcgtatggaaggttccgttaacggtcacgagttcgaaatcgaaggtgaaggtgaaggtcgtccgtacgaaggtacccagaccgctaaactgaaagttaccaaaggtggtccgctgccgttcgcttgggacatcctgtccccgcagttccagtacggttccaaagcttacgttaaacacccggctgacatcccggactacctgaaactgtccttcccggaaggtttcaaatgggaacgtgttatgaacttcgaagacggtggtgttgttaccgttacccaggactcctccctgcaagacggtgagttcatctacaaagttaaactgcgtggtaccaacttcccgtccgacggtccggttatgcagaaaaaaaccatgggttgggaagcttccaccgaacgtatgtacccggaagacggtgctctgaaaggtgaaatcaaaatgcgtctgaaactgaaagacggtggtcactacgacgctgaagttaaaaccacctacatggctaaaaaaccggttcagctgccgggtgcttacaaaaccgacatcaaactggacatcacctcccacaacgaagactacaccatcgttgaacagtacgaacgtgctgaaggtcgtcactccaccggtgcttaataacgctgatagtgctagtgtagatcgctactagagccaggcatcaaataaaacgaaaggctcagtcgaaagactgggcctttcgttttatctgttgtttgtcggtgaacgctctctactagagtcacactggctcaccttcgggtgggcctttctgcgtttata,
47,BBa_E0030,140,Caitlin Conboy and Jennifer Braff,Coding,-- No description --,,Modificaitons to Clontech EYFP by Reshma Shetty,atggtgagcaagggcgaggagctgttcaccggggtggtgcccatcctggtcgagctggacggcgacgtaaacggccacaagttcagcgtgtccggcgagggcgagggcgatgccacctacggcaagctgaccctgaagttcatctgcaccaccggcaagctgcccgtgccctggcccaccctcgtgaccaccttcggctacggcctgcaatgcttcgcccgctaccccgaccacatgaagctgcacgacttcttcaagtccgccatgcccgaaggctacgtccaggagcgcaccatcttcttcaaggacgacggcaactacaagacccgcgccgaggtgaagttcgagggcgacaccctggtgaaccgcatcgagctgaagggcatcgacttcaaggaggacggcaacatcctggggcacaagctggagtacaactacaacagccacaacgtctatatcatggccgacaagcagaagaacggcatcaaggtgaacttcaagatccgccacaacatcgaggacggcagcgtgcagctcgccgaccactaccagcagaacacccccatcggcgacggccccgtgctgctgcccgacaaccactacctgagctaccagtccgccctgagcaaagaccccaacgagaagcgcgatcacatggtcctgctggagttcgtgaccgccgccgggatcactctcggcatggacgagctgtacaagtaataa,
48,BBa_Z0262,127,Sriram Kosuri,RBS,Sequence comes from the natural B0030. Using B0030 as a medium strength RBS is from initial results from experiments characterizing all natural T7 RBSs.,,,ttaaagaggagaaatactag,
49,BBa_R0082,126,"Stephen Lee, Roshan Kumar, Joe Levine, Ziyan Chu (Polkadorks, IAP 2004)",Regulatory,"Positively regulated, OmpR-controlled promoter. This promoter is taken from the upstream region of ompC. Phosphorylated OmpR binds to the three operator sites and activates transcription.
","The promoter includes the three OmpR binding sites: C1, C2, and C3. The promoter starts at -107 and goes up to the transcriptional start site at +1.

An alternate version, BBa_R0083, cuts out the C2 and C3 sites.

The efficacy of this promoter versus the truncated ompC upstream region (BBa_R0083) or the ompF upstream region (BBa_R0084) is currently unknown.
",NC_000193 E. coli K12,tcccttgcatttacattttgaaacatctatagcgataaatgaaacatcttaaaagttttagtatcatattcgtgttggattattctgcatttttggggagaatggact,
50,BBa_J63006,126,Caroline Ajo-Franklin,Regulatory,GAL1 promoter from S. cerevisiae,unchanged from genomic sequence,genomic GAL1 locus,ccccattatcttagcctaaaaaaaccttctctttggaactttcagtaatacgcttaactgctcattgctatattgaagtacggattagaagccgccgagcgggtgacagccctccgaaggaagactctcctccgtgcgtcctcgtcttcaccggtcgcgttcctgaaacgcagatgtgcctcgcgccgcactgctccgaacaataaagattctacaatactagcttttatggttatgaagaggaaaaattggcagtaacctggccccacaaaccttcaaatgaacgaatcaaattaacaaccataggatgataatgcgattagttttttagccttatttctggggtaattaatcagcgaagcgatgatttttgatctattaacagatatataaatgcaaaaactgcataaccactttaactaatactttcaacattttcggtttgtattacttcttattcaaatgtaataaaagtatcaacaaaaaattgttaatatacctctatactttaacgtcaaggaggaaactagacccgccgccaccatggag,
51,BBa_J61101,126,John Anderson,RBS,fix,N/A,N/A,aaagacaggacc,
52,BBa_K206000,125,Amelia Hardjasa,Regulatory,"pBAD is an <i>E.coli</i> promoter that is induced by L-arabinose. K206000 is a mutagenized pBAD promoter that is responsive to lower concentrations of arabinose than wild type (<partinfo>I13453</partinfo>) and, additionally, exhibits a higher maximum of protein expression as measured by coupling to a fluorescent reporter.",There were no special design considerations.,The sequence was obtained by applying all mutations that upregulated AraC binding and subsequent promoter activity listed in reference [1].,acattgattatttgcacggcgtcacactttgctatgccatagcaagatagtccataagattagcggatcctacctgacgctttttatcgcaactctctactgtttctccataccgtttttttgggctagc,
53,BBa_E0032,121,"June Rhee, Connie Tao, Ty Thomson, Louis Waldman",Reporter,Yellow fluorescent protein (EYFP) reporter coding sequence without the Ribosome      Binding Site. Modified with an LVA tail for rapid degradation of the protein      and faster fall time for the emission. </P>   Annotated mutation cause a Q81L mutation that appears to not be near the active site. </P>,"<P> <P>BBa_E0032 yellow fluorescent protein is based on BioBrick part BBa_E0031.      It has been modified to include a rapid degradation LVA tail, and includes   the BioBrick standard assembly head and tail restriction      sites. The RBS has been removed. The stop codon has been changed from TAA      to a double stop codon TAATAA.    <P>
",Modified from <bb_part>BBa_E0031</bb_part>,atggtgagcaagggcgaggagctgttcaccggggtggtgcccatcctggtcgagctggacggcgacgtaaacggccacaagttcagcgtgtccggcgagggcgagggcgatgccacctacggcaagctgaccctgaagttcatctgcaccaccggcaagctgcccgtgccctggcccaccctcgtgaccaccttcggctacggcctgcaatgcttcgcccgctaccccgaccacatgaagctgcacgacttcttcaagtccgccatgcccgaaggctacgtccaggagcgcaccatcttcttcaaggacgacggcaactacaagacccgcgccgaggtgaagttcgagggcgacaccctggtgaaccgcatcgagctgaagggcatcgacttcaaggaggacggcaacatcctggggcacaagctggagtacaactacaacagccacaacgtctatatcatggccgacaagcagaagaacggcatcaaggtgaacttcaagatccgccacaacatcgaggacggcagcgtgcagctcgccgaccactaccagcagaacacccccatcggcgacggccccgtgctgctgcccgacaaccactacctgagctaccagtccgccctgagcaaagaccccaacgagaagcgcgatcacatggtcctgctggagttcgtgaccgccgccgggatcactctcggcatggacgagctgtacaagaggcctgctgcaaacgacgaaaactacgctttagtagcttaataa,
54,BBa_K112999,118,Bing Xia,DNA,"This is the scar sequence of the BBb1 assembly scheme. For more information, refer to [http://openwetware.org/wiki/Template:AndersonLab:BBb_Standard BBb Standard Description Page].", , ,ggatct,
55,BBa_R0065,116,"Vinay S Mahajan, Voichita D. Marinescu, Brian Chow, Alexander D Wissner-Gross and Peter Carr",Regulatory,"cI repressor negatively regulates this promoter and LuxR activates its transcription.The      effect of cI is dominant over LuxR. This part is based on the LuxR and cI      repressor regulated hybrid promoter designed and tested by Ron Weiss. It requires      the binding of two cI repressor dimers for maximal repression and contains      two cI repressor binding sites namely, OR1 and OR2. This promoter is leaky      in the sense that 'some' transcription is seen in the absence of both cI and      LuxR. </P>   <P>&nbsp;</P>   <table width=""75%"" border=""1"">     <tr>       <td><strong>LuxI</strong></td>       <td><strong>cI</strong></td>       <td><strong>activity of promoter</strong></td>     </tr>     <tr>       <td>+</td>       <td>+</td>       <td>zero</td>     </tr>     <tr>       <td>+</td>       <td>-</td>       <td>maximum</td>     </tr>     <tr>       <td>-</td>       <td>+</td>       <td>zero</td>     </tr>     <tr>       <td>-</td>       <td>-</td>       <td>leaky (no quantitative information)</td>     </tr>   </table>   <P>&nbsp;</P>","<P> <P>This part was designed based on the LuxR and cI repressor regulated hybrid      promoter tested by Ron Weiss and the LuxR-LuxICDABE sequence annotated by      Tom Knight <genbank>AF170104</genbank>.  <P>
",,taagcacctgtaggatcgtacaggtttacgcaagaaaatggtttgttatagtcgaataacaccgtgcgtgttgactattttacctctggcggtgata,
56,BBa_K731721,114,"Giacomo Giacomelli, Anna Depetris",Terminator,This is a short terminator by T7phage that we tested with our new teminators' characterization system.,"This is a standard sequence, very used in many constructs.
As i don't have any design considerations i can say that generally to make screening gels of such short segments is preferable to use TBE1X instead of TAE1X.",We amplified it directly from pET21b.,ctagcataaccccttggggcctctaaacgggtcttgaggggttttttg,
57,BBa_Q04510,113,Caitlin Conboy and Jennifer Braff,Inverter,Lambda cI QPI w/ strong RBS,,,aaagaggagaaatactagatgagcacaaaaaagaaaccattaacacaagagcagcttgaggacgcacgtcgccttaaagcaatttatgaaaaaaagaaaaatgaacttggcttatcccaggaatctgtcgcagacaagatggggatggggcagtcaggcgttggtgctttatttaatggcatcaatgcattaaatgcttataacgccgcattgcttgcaaaaattctcaaagttagcgttgaagaatttagcccttcaatcgccagagaaatctacgagatgtatgaagcggttagtatgcagccgtcacttagaagtgagtatgagtaccctgttttttctcatgttcaggcagggatgttctcacctgagcttagaacctttaccaaaggtgatgcggagagatgggtaagcacaaccaaaaaagccagtgattctgcattctggcttgaggttgaaggtaattccatgaccgcaccaacaggctccaagccaagctttcctgacggaatgttaattctcgttgaccctgagcaggctgttgagccaggtgatttctgcatagccagacttgggggtgatgagtttaccttcaagaaactgatcagggatagcggtcaggtgtttttacaaccactaaacccacagtacccaatgatcccatgcaatgagagttgttccgttgtggggaaagttatcgctagtcagtggcctgaagagacgtttggcgctgcaaacgacgaaaactacgctttagtagcttaataacgctgatagtgctagtgtagatcgctactagagccaggcatcaaataaaacgaaaggctcagtcgaaagactgggcctttcgttttatctgttgtttgtcggtgaacgctctctactagagtcacactggctcaccttcgggtgggcctttctgcgtttatatactagagtaacaccgtgcgtgttgactattttacctctggcggtgataatggttgc,
58,BBa_J23104,111,John Anderson,Regulatory,replace later,N/A,isolated from library of promoters,ttgacagctagctcagtcctaggtattgtgctagc,
59,BBa_R0063,108,"Vinay S Mahajan, Voichita D. Marinescu, Brian Chow, Alexander D Wissner-Gross and Peter Carr",Regulatory,"The lux cassette of V. fischeri contains a left and a right promoter. The      left promoter gives weak constitutive expression of downstream genes.This      expression is down-regulated by the action of the Lux repressor, LuxR. Two molecules      of LuxR protein form a complex with two molecules the signalling compound      homoserine lactone (HSL). This complex binds to a palindromic site on the      promoter, increasing the rate of transcription from Pr, repressing transcription      from Pl</p>","<P> <P> This promoter is based on the Vibrio fischeri quorum sensing gene promoters. Two genes LuxI and LuxR and transcribed in opposite directions as shown below. The original sequence from which the parts <bb_part>BBa_R0062</bb_part> and <bb_part>BBa_R0063</bb_part> were derived is shown in the picture below.Includes most of Lux reulatory region, including the LuxR binding site which activates the right promoter. A putative LuxR autorepression binding site is also identified adjacent to the -10 site of the right promoter. This 2nd site has 55% identity with the first site. Putative inverted repeats (of size 18-27 bp) also exist between these two sites (not marked above), which may represent binding sites for other regulatory proteins. <p><img src=""<bb_file>Image01.gif</bb_file>"" width=""614"" height=""362""><P>Unspecified.
",<em>V. fischeri.</em>,acctgtacgatcctacaggtgcttatgttaagtaattgtattcccagcgatacaatagtgtgacaaaaatccaatttattagaatcaaatgtcaatccattaccgttttaatgatatataacacgcaaaacttgcgacaaacaataggtaa,
60,BBa_R0079,107,Alvin Carter Powers (Fighting Darwins),Regulatory,"Binding region for LasR protein (positive regulation)
",,"""Analysis of the Pseudomonas aeruginosa Elastase (lasB) Regulatory Region"".  Lynn Rust, Everett Pesci, and Barbara Iglewski",gcccctcgctgagcgcgtcccggagctgggggcaacctagctgccacctgcttttctgctagctattccagcgaaaacatacagatttccggcgaaatcaaggctacctgccagttctggcaggtttggccgcgggttctttttggtacacgaaagc,
61,BBa_F2620,105,Barry Canton [bcanton@mit.edu] and Anna Labno [labnoa@mit.edu],Signalling,This device senses the 3OC<sub>6</sub>HSL concentration in the media and produces output PoPS according to the transfer function given below.  LuxR production is controlled by the tet repressible R0040.  Initial characterization work has been done on this device using I13273 as a test device.,"<a href=""http://model.mit.edu/endipedia/index.php?title=Reciever_Definition#Data_Sheets"">Example Data Sheets for F2620</a>",Formerly I13270,tccctatcagtgatagagattgacatccctatcagtgatagagatactgagcactactagagaaagaggagaaatactagatgaaaaacataaatgccgacgacacatacagaataattaataaaattaaagcttgtagaagcaataatgatattaatcaatgcttatctgatatgactaaaatggtacattgtgaatattatttactcgcgatcatttatcctcattctatggttaaatctgatatttcaatcctagataattaccctaaaaaatggaggcaatattatgatgacgctaatttaataaaatatgatcctatagtagattattctaactccaatcattcaccaattaattggaatatatttgaaaacaatgctgtaaataaaaaatctccaaatgtaattaaagaagcgaaaacatcaggtcttatcactgggtttagtttccctattcatacggctaacaatggcttcggaatgcttagttttgcacattcagaaaaagacaactatatagatagtttatttttacatgcgtgtatgaacataccattaattgttccttctctagttgataattatcgaaaaataaatatagcaaataataaatcaaacaacgatttaaccaaaagagaaaaagaatgtttagcgtgggcatgcgaaggaaaaagctcttgggatatttcaaaaatattaggttgcagtgagcgtactgtcactttccatttaaccaatgcgcaaatgaaactcaatacaacaaaccgctgccaaagtatttctaaagcaattttaacaggagcaattgattgcccatactttaaaaattaataacactgatagtgctagtgtagatcactactagagccaggcatcaaataaaacgaaaggctcagtcgaaagactgggcctttcgttttatctgttgtttgtcggtgaacgctctctactagagtcacactggctcaccttcgggtgggcctttctgcgtttatatactagagacctgtaggatcgtacaggtttacgcaagaaaatggtttgttatagtcgaataaa,
62,BBa_E0422,103,Caitlin Conboy and Jennifer Braff,Reporter,-- No description --,,,aaagaggagaaatactagatggtgagcaagggcgaggagctgttcaccggggtggtgcccatcctggtcgagctggacggcgacgtgaacggccacaagttcagcgtgtccggcgagggcgagggcgatgccacctacggcaagctgaccctgaagttcatctgcaccaccggcaagctgcccgtgccctggcccaccctcgtgaccaccctgacctggggcgtgcagtgcttcagccgctaccccgaccacatgaagcagcacgacttcttcaagtccgccatgcccgaaggctacgtccaggagcgcaccatcttcttcaaggacgacggcaactacaagacccgcgccgaggtgaagttcgagggcgacaccctggtgaaccgcatcgagctgaagggcatcgacttcaaggaggacggcaacatcctggggcacaagctggagtacaactacatcagccacaacgtctatatcaccgccgacaagcagaagaacggcatcaaggccaacttcaagatccgccacaacatcgaggacggcagcgtgcagctcgccgaccactaccagcagaacacccccatcggcgacggccccgtgctgctgcccgacaaccactacctgagcacccagtccgccctgagcaaagaccccaacgagaagcgcgatcacatggtcctgctggagttcgtgaccgccgccgggatcactctcggcatggacgagctgtacaagaggcctgctgcaaacgacgaaaactacgctttagtagcttaataatactagagccaggcatcaaataaaacgaaaggctcagtcgaaagactgggcctttcgttttatctgttgtttgtcggtgaacgctctctactagagtcacactggctcaccttcgggtgggcctttctgcgtttata,
63,BBa_J23102,103,John Anderson,Regulatory,replace later,N/A,isolated from library of promoters,ttgacagctagctcagtcctaggtactgtgctagc,
64,BBa_Q04400,102,Caitlin Conboy and Jennifer Braff,Inverter,TetR QPI with strong RBS,,,aaagaggagaaatactagatgtccagattagataaaagtaaagtgattaacagcgcattagagctgcttaatgaggtcggaatcgaaggtttaacaacccgtaaactcgcccagaagctaggtgtagagcagcctacattgtattggcatgtaaaaaataagcgggctttgctcgacgccttagccattgagatgttagataggcaccatactcacttttgccctttagaaggggaaagctggcaagattttttacgtaataacgctaaaagttttagatgtgctttactaagtcatcgcgatggagcaaaagtacatttaggtacacggcctacagaaaaacagtatgaaactctcgaaaatcaattagcctttttatgccaacaaggtttttcactagagaatgcattatatgcactcagcgctgtggggcattttactttaggttgcgtattggaagatcaagagcatcaagtcgctaaagaagaaagggaaacacctactactgatagtatgccgccattattacgacaagctatcgaattatttgatcaccaaggtgcagagccagccttcttattcggccttgaattgatcatatgcggattagaaaaacaacttaaatgtgaaagtgggtccgctgcaaacgacgaaaactacgctttagtagcttaataacactgatagtgctagtgtagatcactactagagccaggcatcaaataaaacgaaaggctcagtcgaaagactgggcctttcgttttatctgttgtttgtcggtgaacgctctctactagagtcacactggctcaccttcgggtgggcctttctgcgtttatatactagagtccctatcagtgatagagattgacatccctatcagtgatagagatactgagcac,
65,BBa_B0025,102,Caitlin Conboy,Terminator,-- No description --,,,tataaacgcagaaaggcccacccgaaggtgagccagtgtgactctagtagagagcgttcaccgacaaacaacagataaaacgaaaggcccagtctttcgactgagcctttcgttttatttgatgcctgg,
66,BBa_I746916,102,Stefan Milde,Coding,"This is the coding sequence of superfolder GFP (Pedelacq et al (2006): ""Engineering and characterization of a superfolder green fluorescent protein"", Nature Biotech 24 (1) January 2006).
It carries the following amino acid changes with respect to mut3 GFP (E0040), the currently most commonly used GFP in the registry:
S30R, Y39N, F64L, G65T, F99S, N105T, Y145F, M153T, V163A, I171V, A206V

Its in-vivo properties are considerably improved with respect to mut3 - it develops fluorescence about 3fold faster than mut3 GFP and reaches 4fold higher absolute fluorescence levels. Fluorescenct colonies can be identified with the naked eye even without UV or blue light illumination (that is to say the amount of blue light in normal daylight or lablight is sufficient).
Additionally it is more stable in vitro and refolds faster after in vitro denaturation with respect to mut3 GFP.

Note:
Superfolder GFP is available in constructs driven by the pBAD and T7 promoters: part numbers I746908 and I746909 respectively. Additionally 6-his tagged versions for protein purification exist: I746914 (pBAD driven) and I746915 (T7 driven). ","Codon optimisation before de novo synthesis was carried out for both, E.coli and Bacillus subtilis.","Superfolder GFP was originally described by: Pedelacq et al (2006): ""Engineering and characterization of a superfolder green fluorescent protein"", Nature Biotech 24 (1) January 2006

This version was synthesised de novo (by Geneart).",atgcgtaaaggcgaagagctgttcactggtgtcgtccctattctggtggaactggatggtgatgtcaacggtcataagttttccgtgcgtggcgagggtgaaggtgacgcaactaatggtaaactgacgctgaagttcatctgtactactggtaaactgccggtaccttggccgactctggtaacgacgctgacttatggtgttcagtgctttgctcgttatccggaccatatgaagcagcatgacttcttcaagtccgccatgccggaaggctatgtgcaggaacgcacgatttcctttaaggatgacggcacgtacaaaacgcgtgcggaagtgaaatttgaaggcgataccctggtaaaccgcattgagctgaaaggcattgactttaaagaagacggcaatatcctgggccataagctggaatacaattttaacagccacaatgtttacatcaccgccgataaacaaaaaaatggcattaaagcgaattttaaaattcgccacaacgtggaggatggcagcgtgcagctggctgatcactaccagcaaaacactccaatcggtgatggtcctgttctgctgccagacaatcactatctgagcacgcaaagcgttctgtctaaagatccgaacgagaaacgcgatcatatggttctgctggagttcgtaaccgcagcgggcatcacgcatggtatggatgaactgtacaaatgatga,
67,BBa_K245009,102,pela Miklavi&#269,,DNA,"The sequence codes the scar, that is introduced between two parts, ligated together after being cut with BspEI/NgoMIV.","This sequence is introduced as scar as consequence of ligation of two parts, that were previously cut with BspEI/NgoMIV. ",Of synthetic origin.,tccggc
68,BBa_E0432,99,Caitlin Conboy and Jennifer Braff,Reporter,-- No description --,,,aaagaggagaaatactagatggtgagcaagggcgaggagctgttcaccggggtggtgcccatcctggtcgagctggacggcgacgtaaacggccacaagttcagcgtgtccggcgagggcgagggcgatgccacctacggcaagctgaccctgaagttcatctgcaccaccggcaagctgcccgtgccctggcccaccctcgtgaccaccttcggctacggcctgcaatgcttcgcccgctaccccgaccacatgaagctgcacgacttcttcaagtccgccatgcccgaaggctacgtccaggagcgcaccatcttcttcaaggacgacggcaactacaagacccgcgccgaggtgaagttcgagggcgacaccctggtgaaccgcatcgagctgaagggcatcgacttcaaggaggacggcaacatcctggggcacaagctggagtacaactacaacagccacaacgtctatatcatggccgacaagcagaagaacggcatcaaggtgaacttcaagatccgccacaacatcgaggacggcagcgtgcagctcgccgaccactaccagcagaacacccccatcggcgacggccccgtgctgctgcccgacaaccactacctgagctaccagtccgccctgagcaaagaccccaacgagaagcgcgatcacatggtcctgctggagttcgtgaccgccgccgggatcactctcggcatggacgagctgtacaagaggcctgctgcaaacgacgaaaactacgctttagtagcttaataatactagagccaggcatcaaataaaacgaaaggctcagtcgaaagactgggcctttcgttttatctgttgtttgtcggtgaacgctctctactagagtcacactggctcaccttcgggtgggcctttctgcgtttata,
69,BBa_K592009,99,Lei Sun,Coding,"This chromoprotein, amilCP, naturally exhibits very strong color when expressed. The color is blue/purple and is visible to naked eye, thereby requiring no instruments to observe. This DNA was provided by Jeffrey Miller at UCLA. It was made BioBrick-compatible after removal of one illegal internal restriction site (EcoRI).",Illegal internal restriction site had to be removed (EcoRI). ,Acropora millepora,atgagtgtgatcgctaaacaaatgacctacaaggtttatatgtcaggcacggtcaatggacactactttgaggtcgaaggcgatggaaaaggtaagccctacgagggggagcagacggtaaagctcactgtcaccaagggcggacctctgccatttgcttgggatattttatcaccacagtgtcagtacggaagcataccattcaccaagtaccctgaagacatccctgactatgtaaagcagtcattcccggagggctatacatgggagaggatcatgaactttgaagatggtgcagtgtgtactgtcagcaatgattccagcatccaaggcaactgtttcatctaccatgtcaagttctctggtttgaactttcctcccaatggacctgtcatgcagaagaagacacagggctgggaacccaacactgagcgtctctttgcacgagatggaatgctgctaggaaacaactttatggctctgaagttagaaggaggcggtcactatttgtgtgaatttaaaactacttacaaggcaaagaagcctgtgaagatgccagggtatcactatgttgaccgcaaactggatgtaaccaatcacaacaaggattacacttcggttgagcagtgtgaaatttccattgcacgcaaacctgtggtcgcctaataa,
70,BBa_K864400,99,Erik Lundin,Regulatory,"The Ptac promoter is a functional hybrid promoter, derived from the trp and lac promoters, that are regulated by trp and lac [1]. This part also exist together with lacI, part [[Part:BBa_K180000|BBa_K180000]]

[1] Proc. Natl. Acad. Sci. USA, Vol. 80, pp. 21-25","Oligos ordered from SigmaAldrich were annealed to form a double stranded DNA segment, ready to be ligated into any BioBrick backbone. ","Created from oligos ordered from SigmaAldrich. 

Oligo sequences:
Ptac+
AATTCGCGGCCGCTTCTAGAGGAGCTGTTGACAATTAATCATCGGCTCGTATAATGTGTGGAATTGTGAGCGGATAACAATTTA

Ptac-
CTAGTAAATTGTTATCCGCTCACAATTCCACACATTATACGAGCCGATGATTAATTGTCAACAGCTCCTCTAGAAGCGGCCGCG",gagctgttgacaattaatcatcggctcgtataatgtgtggaattgtgagcggataacaatt,
71,BBa_K2680500,99,Ethan M Jones,DNA,"Orthoganol flanker sequence on the prefix side of all William_and_Mary iGEM 2018 parts. Along with [BBa_K2680501], this allows easy PCR of inserts for confirmation of colonies or for the generation of additional DNA for 3G assembly (without miniprep). Further, these WM_Pad sequences allow for high-quality PCR of iGEM backbones for use in Gibson Assembly. Both WM_Pad sequences are free of BsmBI and BsaI sites and so are compatible with most Golden Gate Assembly platforms. Additionally, the WM_Pad sequences are orthogonal to the <i>E. coli</i> genome and to the UNS sequences used in 3G assembly. ","This part was designed so that it would be orthogonal to the<i>E. coli</i> genome, the other WM_Pad site and the UNS sequences used in 3G assembly. GC content was set to be between 45-55%, and the sequences for forbidden or common restriction sites were forbidden. Tracks of identical base pairs longer than 3 were disallowed, and sequences needed to end in a G or C base. ","This part's sequence was designed BY EMJ using https://www.syntegron.org/R20/R20/R20.html (2013), and was added to iGEM vectors using primers synthesized from IDT.",gcagttcggttgctggctcagataataagacactactccg,
72,BBa_Z0261,98,Sriram Kosuri,RBS,Sequence comes from the natural gene 5 RBS.  Using gene 5 as a strong RBS is from initial results from experiments characterizing all natural T7 RBSs.,,,aatcaataggagaaatcaat,
73,BBa_K2680501,98,Ethan M Jones,DNA,"Orthoganol flanker sequence on the suffix side of all 3G Assembly parts from William_and_Mary iGEM 2018. Along with <partinfo>BBa_K2680500</partinfo>, this allows easy PCR of inserts for confirmation of colonies or for the generation of additional DNA for 3G assembly (without miniprep). Further, these WM_Pad sequences allow for high-quality PCR of iGEM backbones for use in Gibson Assembly. Both WM_Pad sequences are free of BsmBI and BsaI sites and so are compatible with most Golden Gate Assembly platforms. Additionally, the WM_Pad sequences are orthogonal to the E. coli genome and to the UNS sequences used in 3G assembly.","This part was designed so that it would be orthogonal to the E. coli genome, the other WM_Pad site and the UNS sequences used in 3G assembly. GC content was set to be between 45-55%, and the sequences for forbidden or common restriction sites were forbidden. Tracks of identical base pairs longer than 3 were disallowed, and sequences needed to end in a G or C base.","This part's sequence was designed BY EMJ using https://www.syntegron.org/R20/R20/R20.html (2013), and was added to iGEM vectors using primers synthesized from IDT.",cgatacccagaatacttcctgtggaggcagattggttacc,
74,BBa_J13002,96,Jeff Tabor,Regulatory,-- No description --,,,tccctatcagtgatagagattgacatccctatcagtgatagagatactgagcactactagagaaagaggagaaa,
75,BBa_E0020,95,Caitlin Conboy and Jennifer Braff,Coding,-- No description --,,,atggtgagcaagggcgaggagctgttcaccggggtggtgcccatcctggtcgagctggacggcgacgtgaacggccacaagttcagcgtgtccggcgagggcgagggcgatgccacctacggcaagctgaccctgaagttcatctgcaccaccggcaagctgcccgtgccctggcccaccctcgtgaccaccctgacctggggcgtgcagtgcttcagccgctaccccgaccacatgaagcagcacgacttcttcaagtccgccatgcccgaaggctacgtccaggagcgcaccatcttcttcaaggacgacggcaactacaagacccgcgccgaggtgaagttcgagggcgacaccctggtgaaccgcatcgagctgaagggcatcgacttcaaggaggacggcaacatcctggggcacaagctggagtacaactacatcagccacaacgtctatatcaccgccgacaagcagaagaacggcatcaaggccaacttcaagatccgccacaacatcgaggacggcagcgtgcagctcgccgaccactaccagcagaacacccccatcggcgacggccccgtgctgctgcccgacaaccactacctgagcacccagtccgccctgagcaaagaccccaacgagaagcgcgatcacatggtcctgctggagttcgtgaccgccgccgggatcactctcggcatggacgagctgtacaagtaataa,
76,BBa_B0011,94,Reshma Shetty,Terminator,Bidirectional transcriptional terminator consisting of a 22 bp stem-loop.</p>,"<P> <P>In the naturally-occuring sequence there is a mismatch in the stem of the      stem loop. This can be corrected via an A-&gt;G mutation (at position 40 -- sequence coordinate/not MFOLD coordinate). The above sequence does not reflect this mutation (but the MFOLD image does). This terminator's location cannot be      found using some inverted repeat detectors like PALINDROME because it is too      short and contains a mismatch. This one was found with the help of Tom Knight.      It lies between two coding regions that point towards eachother.<P>
",Derived from luxICDABEG operon terminator of Vibrio fischeri <genbank>AF170104</genbank>.,agagaatataaaaagccagattattaatccggcttttttattattt,
77,BBa_K1319106,94,Michael Osthege,DNA,This sequence is produced by RFC10-assembly of a RFC10-RBS with a RFC25-prefixed part.,The resulting sequence is a combination of the RFC10 RBS-CDS scar (tactag) and 9 nucleotides from the RFC25 prefix (atg gcc ggc).,This sequence is produced by an assembly method.,tactagatggccggc,
78,BBa_J23118,93,John Anderson,Regulatory,Later,N/A,Later,ttgacggctagctcagtcctaggtattgtgctagc,
79,BBa_I14032,88,"Vikram Vijayan, Allen Hsu, Lawrence Fomundam",Regulatory,"Constitutive Promoter, High Transcription",,Plasmid pMAL-p2X,tggtgcaaaacctttcgcggtatggcatgatagcgcc,
80,BBa_J23114,88,John Anderson,Regulatory,Later,N/A,Later,tttatggctagctcagtcctaggtacaatgctagc,
81,BBa_G0002,86,Reshma Shetty,DNA,XbaI/SpeI mixed site.  Simply used to aid in entry of parts into the registry.,None.,XbaI and SpeI sites,tactagag,
82,BBa_K2680556,84,Julia Urban,Scar,Sticky end B without BsaI cutsite for 3G Hybrid DNA Assembly.,/,/,tact,
83,BBa_K2680559,84,Julia Urban,Scar,Sticky end D without BsaI cutsite for 3G hybrid DNA assembly.,/,/,aggt,
84,BBa_K2680560,84,Julia Urban,Scar,Sticky end E without BsaI cutsite for 3G hybrid DNA assembly.,/,/,gctt,
85,BBa_Q04121,83,Caitlin Conboy,Inverter,"LacI QPI with strong RBS, hybrid promoter",,,aaagaggagaaatactagatggtgaatgtgaaaccagtaacgttatacgatgtcgcagagtatgccggtgtctcttatcagaccgtttcccgcgtggtgaaccaggccagccacgtttctgcgaaaacgcgggaaaaagtggaagcggcgatggcggagctgaattacattcccaaccgcgtggcacaacaactggcgggcaaacagtcgttgctgattggcgttgccacctccagtctggccctgcacgcgccgtcgcaaattgtcgcggcgattaaatctcgcgccgatcaactgggtgccagcgtggtggtgtcgatggtagaacgaagcggcgtcgaagcctgtaaagcggcggtgcacaatcttctcgcgcaacgcgtcagtgggctgatcattaactatccgctggatgaccaggatgccattgctgtggaagctgcctgcactaatgttccggcgttatttcttgatgtctctgaccagacacccatcaacagtattattttctcccatgaagacggtacgcgactgggcgtggagcatctggtcgcattgggtcaccagcaaatcgcgctgttagcgggcccattaagttctgtctcggcgcgtctgcgtctggctggctggcataaatatctcactcgcaatcaaattcagccgatagcggaacgggaaggcgactggagtgccatgtccggttttcaacaaaccatgcaaatgctgaatgagggcatcgttcccactgcgatgctggttgccaacgatcagatggcgctgggcgcaatgcgcgccattaccgagtccgggctgcgcgttggtgcggatatctcggtagtgggatacgacgataccgaagacagctcatgttatatcccgccgttaaccaccatcaaacaggattttcgcctgctggggcaaaccagcgtggaccgcttgctgcaactctctcagggccaggcggtgaagggcaatcagctgttgcccgtctcactggtgaaaagaaaaaccaccctggcgcccaatacgcaaaccgcctctccccgcgcgttggccgattcattaatgcagctggcacgacaggtttcccgactggaaagcgggcaggctgcaaacgacgaaaactacgctttagtagcttaataactctgatagtgctagtgtagatctctactagagccaggcatcaaataaaacgaaaggctcagtcgaaagactgggcctttcgttttatctgttgtttgtcggtgaacgctctctactagagtcacactggctcaccttcgggtgggcctttctgcgtttatatactagagaattgtgagcggataacaattgacattgtgagcggataacaagatactgagcaca,
86,BBa_J64997,83,Sai Duriseti,Regulatory, ,  , ,taatacgactcactatagg,
87,BBa_K2680555,83,Stephanie Do,Scar,to do ,to do ,to do ,ggag,
88,BBa_E0420,82,Caitlin Conboy,Reporter,Standard CFP output device w/o LVA tag.,,,aaagaggagaaatactagatggtgagcaagggcgaggagctgttcaccggggtggtgcccatcctggtcgagctggacggcgacgtgaacggccacaagttcagcgtgtccggcgagggcgagggcgatgccacctacggcaagctgaccctgaagttcatctgcaccaccggcaagctgcccgtgccctggcccaccctcgtgaccaccctgacctggggcgtgcagtgcttcagccgctaccccgaccacatgaagcagcacgacttcttcaagtccgccatgcccgaaggctacgtccaggagcgcaccatcttcttcaaggacgacggcaactacaagacccgcgccgaggtgaagttcgagggcgacaccctggtgaaccgcatcgagctgaagggcatcgacttcaaggaggacggcaacatcctggggcacaagctggagtacaactacatcagccacaacgtctatatcaccgccgacaagcagaagaacggcatcaaggccaacttcaagatccgccacaacatcgaggacggcagcgtgcagctcgccgaccactaccagcagaacacccccatcggcgacggccccgtgctgctgcccgacaaccactacctgagcacccagtccgccctgagcaaagaccccaacgagaagcgcgatcacatggtcctgctggagttcgtgaccgccgccgggatcactctcggcatggacgagctgtacaagtaataatactagagccaggcatcaaataaaacgaaaggctcagtcgaaagactgggcctttcgttttatctgttgtttgtcggtgaacgctctctactagagtcacactggctcaccttcgggtgggcctttctgcgtttata,
89,BBa_K1462503,82,zhanru Chen,Protein_Domain,fdsa,dsfa,sdf,gctgaatatgttagagctttgtttgattttaatggtaatgatgaagaagatttgccatttaaaaaaggtgatattttgagaattagagataagccagaagaacagtggtggaacgctgaagactctgagggtaagaggggtatgattccagttccatatgttgaaaaatatgctggctcgagtgctgctggttctggatcc,
90,BBa_J06504,81,ytwang,Reporter,"mRFP (DsRed) derived, altered to be a biobrick by removing a PstI site and adding in the ends.","<p>
Made a point mutation to eliminate a PstI site in the middle and then added BioBrick ends using PCR.
</p>
<p>
Sequenced using primers that bind to the pSB1A2 plasmid on either side of the brick.
</p>","mCherry from Roger Y. Tsien's lab, altered to be BioBrick compatible",atggtgagcaagggcgaggaggataacatggccatcatcaaggagttcatgcgcttcaaggtgcacatggagggctccgtgaacggccacgagttcgagatcgagggcgagggcgagggccgcccctacgagggcacccagaccgccaagctgaaggtgaccaagggtggccccctgcccttcgcctgggacatcctgtcccctcagttcatgtacggctccaaggcctacgtgaagcaccccgccgacatccccgactacttgaagctgtccttccccgagggcttcaagtgggagcgcgtgatgaacttcgaggacggcggcgtggtgaccgtgacccaggactcctccttgcaggacggcgagttcatctacaaggtgaagctgcgcggcaccaacttcccctccgacggccccgtaatgcagaagaagaccatgggctgggaggcctcctccgagcggatgtaccccgaggacggcgccctgaagggcgagatcaagcagaggctgaagctgaaggacggcggccactacgacgctgaggtcaagaccacctacaaggccaagaagcccgtgcagctgcccggcgcctacaacgtcaacatcaagttggacatcacctcccacaacgaggactacaccatcgtggaacagtacgaacgcgccgagggccgccactccaccggcggcatggacgagctgtacaagtaataa,
91,BBa_C0261,80,robertb,Translational_Unit,B0034.C0061,,,aaagaggagaaatactagatgactataatgataaaaaaatcggattttttggcaattccatcggaggagtataaaggtattctaagtcttcgttatcaagtgtttaagcaaagacttgagtgggacttagttgtagaaaataaccttgaatcagatgagtatgataactcaaatgcagaatatatttatgcttgtgatgatactgaaaatgtaagtggatgctggcgtttattacctacaacaggtgattatatgctgaaaagtgtttttcctgaattgcttggtcaacagagtgctcccaaagatcctaatatagtcgaattaagtcgttttgctgtaggtaaaaatagctcaaagataaataactctgctagtgaaattacaatgaaactatttgaagctatatataaacacgctgttagtcaaggtattacagaatatgtaacagtaacatcaacagcaatagagcgatttttaaagcgtattaaagttccttgtcatcgtattggagacaaagaaattcatgtattaggtgatactaaatcggttgtattgtctatgcctattaatgaacagtttaaaaaagcagtcttaaatgctgcaaacgacgaaaactacgctttagtagcttaataactctgatagtgctagtgtagatctc,
92,BBa_G0000,80,Reshma Shetty,DNA,This is the sequence of the SpeI/XbaI scar for RBS-CDS junctions in BioBricks standard assembly.,This is a shorter scar to ensure proper spacing between the RBS and CDS.,SpeI/XbaI scar,tactag,
93,BBa_K1462502,80,zhanru Chen,Protein_Domain,sss,ss,ss,ttgcaaagaagaagagttactgtcagaaaggctgacgctggtggtttgggtatttctattaaaggtggtagagaaaataaaatgccaattttgatttctaaaattttcaagggtttggctgctgaccagactgaggctttgttcgttggtgatgctattttgtctgttaatggtgaagacttgtcttctgctactcacgacgaggcagtccaagctttgaagaagactggtaaagaagttgttttggaagttaaatatatgaaagaagtttctccatattttaaggctggctcgagtgctgctggttctggatcc,
94,BBa_K2933030,80,Jiahao Xie,Terminator,T7 terminator.,None.,NCBI.,ctagcataaccccttggggcctctaaacgggtcttgaggggttttttg,
95,BBa_K2933041,80,Jiahao Xie,DNA,"This part is from the vector pET-28a, which connects the RBS to His tag sequence.",None.,From the vector pET-28a.,atataccatgggcagcagc,
96,BBa_J23116,79,John Anderson,Regulatory,Later,N/A,Later,ttgacagctagctcagtcctagggactatgctagc,
97,BBa_I0462,78,Caitlin Conboy and Jennifer Braff,Generator,"Produces LuxR protein which can sense 3OC<sub>6</sub>HSL in the media and activate transcription from R0062, the right hand Lux promoter",,,aaagaggagaaatactagatgaaaaacataaatgccgacgacacatacagaataattaataaaattaaagcttgtagaagcaataatgatattaatcaatgcttatctgatatgactaaaatggtacattgtgaatattatttactcgcgatcatttatcctcattctatggttaaatctgatatttcaatcctagataattaccctaaaaaatggaggcaatattatgatgacgctaatttaataaaatatgatcctatagtagattattctaactccaatcattcaccaattaattggaatatatttgaaaacaatgctgtaaataaaaaatctccaaatgtaattaaagaagcgaaaacatcaggtcttatcactgggtttagtttccctattcatacggctaacaatggcttcggaatgcttagttttgcacattcagaaaaagacaactatatagatagtttatttttacatgcgtgtatgaacataccattaattgttccttctctagttgataattatcgaaaaataaatatagcaaataataaatcaaacaacgatttaaccaaaagagaaaaagaatgtttagcgtgggcatgcgaaggaaaaagctcttgggatatttcaaaaatattaggttgcagtgagcgtactgtcactttccatttaaccaatgcgcaaatgaaactcaatacaacaaaccgctgccaaagtatttctaaagcaattttaacaggagcaattgattgcccatactttaaaaattaataacactgatagtgctagtgtagatcactactagagccaggcatcaaataaaacgaaaggctcagtcgaaagactgggcctttcgttttatctgttgtttgtcggtgaacgctctctactagagtcacactggctcaccttcgggtgggcctttctgcgtttata,
98,BBa_K2486006,77,Cau Westmann and Gabriel Lencioni Lovate,Terminator,"The spy terminator is the fairly strong palindromic rho-independent transcriptional terminator of the spheroplast protein y ORF. Terminator strength was determined from a simple assay that compares the expression of two fluorescent reporters, one placed before and one after the terminator (Chen et al. 2013).

REFERENCES:

Chen, Y. J., Liu, P., Nielsen, A. A., Brophy, J. A., Clancy, K., Peterson, T., & Voigt, C. A. (2013). Characterization of 582 natural and synthetic terminators and quantification of their design constraints. Nature methods, 10(7), 659-664.

https://doulix.com/biomodules/GNO9X1/",-,Escherichia coli K-12,ttcagccaaaaaacttaagaccgccggtcttgtccactaccttgcagtaatgcggtggacaggatcggcggttttcttttctcttctcaa,
99,BBa_P0440,76,Randy Rettberg,Generator,-- No description --,,,aaagaggagaaatactagatgtccagattagataaaagtaaagtgattaacagcgcattagagctgcttaatgaggtcggaatcgaaggtttaacaacccgtaaactcgcccagaagctaggtgtagagcagcctacattgtattggcatgtaaaaaataagcgggctttgctcgacgccttagccattgagatgttagataggcaccatactcacttttgccctttagaaggggaaagctggcaagattttttacgtaataacgctaaaagttttagatgtgctttactaagtcatcgcgatggagcaaaagtacatttaggtacacggcctacagaaaaacagtatgaaactctcgaaaatcaattagcctttttatgccaacaaggtttttcactagagaatgcattatatgcactcagcgctgtggggcattttactttaggttgcgtattggaagatcaagagcatcaagtcgctaaagaagaaagggaaacacctactactgatagtatgccgccattattacgacaagctatcgaattatttgatcaccaaggtgcagagccagccttcttattcggccttgaattgatcatatgcggattagaaaaacaacttaaatgtgaaagtgggtccgctgcaaacgacgaaaactacgctttagtagcttaataacactgatagtgctagtgtagatcactactagagccaggcatcaaataaaacgaaaggctcagtcgaaagactgggcctttcgttttatctgttgtttgtcggtgaacgctctctactagagtcacactggctcaccttcgggtgggcctttctgcgtttata,
